<	( all hippo ) bark	( some non-ape ) bark
<	( all dog ) bark	( some non-ape ) bark
<	( all cat ) bark	( some non-ape ) bark
<	( all bird ) bark	( some non-ape ) bark
<	( all crow ) bark	( some non-ape ) bark
<	( all sofa ) bark	( some non-ape ) bark
<	( all couch ) bark	( some non-ape ) bark
<	( all snail ) bark	( some non-ape ) bark
<	( all invertebrate ) bark	( some non-ape ) bark
<	( all puppy ) bark	( some non-ape ) bark
<	( all feline ) bark	( some non-ape ) bark
<	( all immobile ) bark	( some non-ape ) bark
<	( all seat ) bark	( some non-ape ) bark
<	( all bench ) bark	( some non-ape ) bark
<	( all woody ) bark	( some non-ape ) bark
<	( all plant ) bark	( some non-ape ) bark
<	( all tree ) bark	( some non-ape ) bark
<	( all oak ) bark	( some non-ape ) bark
<	( all bush ) bark	( some non-ape ) bark
<	( all indestructible ) bark	( some non-ape ) bark
<	( all human ) bark	( some ape ) bark
<	( all hippo ) bark	( some animal ) bark
<	( all hungry ) bark	( some animal ) bark
<	( all ape ) bark	( some animal ) bark
<	( all dog ) bark	( some animal ) bark
<	( all cat ) bark	( some animal ) bark
<	( all bird ) bark	( some animal ) bark
<	( all crow ) bark	( some animal ) bark
<	( all snail ) bark	( some animal ) bark
<	( all vertebrate ) bark	( some animal ) bark
<	( all invertebrate ) bark	( some animal ) bark
<	( all puppy ) bark	( some animal ) bark
<	( all feline ) bark	( some animal ) bark
<	( all human ) bark	( some animal ) bark
<	( all mammal ) bark	( some animal ) bark
<	( all puppy ) bark	( some dog ) bark
<	( all Thai ) bark	( some Asian ) bark
<	( all crow ) bark	( some bird ) bark
<	( all hippo ) bark	( some vertebrate ) bark
<	( all ape ) bark	( some vertebrate ) bark
<	( all dog ) bark	( some vertebrate ) bark
<	( all cat ) bark	( some vertebrate ) bark
<	( all bird ) bark	( some vertebrate ) bark
<	( all crow ) bark	( some vertebrate ) bark
<	( all puppy ) bark	( some vertebrate ) bark
<	( all feline ) bark	( some vertebrate ) bark
<	( all human ) bark	( some vertebrate ) bark
<	( all mammal ) bark	( some vertebrate ) bark
<	( all snail ) bark	( some invertebrate ) bark
<	( all cat ) bark	( some feline ) bark
<	( all hippo ) bark	( some mobile ) bark
<	( all ape ) bark	( some mobile ) bark
<	( all animal ) bark	( some mobile ) bark
<	( all dog ) bark	( some mobile ) bark
<	( all cat ) bark	( some mobile ) bark
<	( all bird ) bark	( some mobile ) bark
<	( all crow ) bark	( some mobile ) bark
<	( all snail ) bark	( some mobile ) bark
<	( all vertebrate ) bark	( some mobile ) bark
<	( all puppy ) bark	( some mobile ) bark
<	( all feline ) bark	( some mobile ) bark
<	( all human ) bark	( some mobile ) bark
<	( all mammal ) bark	( some mobile ) bark
<	( all hungry ) bark	( some live ) bark
<	( all French ) bark	( some European ) bark
<	( all Parisian ) bark	( some European ) bark
<	( all Parisian ) bark	( some French ) bark
<	( all couch ) bark	( some inanimate ) bark
<	( all bench ) bark	( some inanimate ) bark
<	( all oak ) bark	( some inanimate ) bark
<	( all sofa ) bark	( some seat ) bark
<	( all couch ) bark	( some seat ) bark
<	( all bench ) bark	( some seat ) bark
<	( all tree ) bark	( some plant ) bark
<	( all oak ) bark	( some plant ) bark
<	( all bush ) bark	( some plant ) bark
<	( all oak ) bark	( some tree ) bark
<	( all hippo ) bark	( some destructible ) bark
<	( all ape ) bark	( some destructible ) bark
<	( all animal ) bark	( some destructible ) bark
<	( all dog ) bark	( some destructible ) bark
<	( all cat ) bark	( some destructible ) bark
<	( all bird ) bark	( some destructible ) bark
<	( all crow ) bark	( some destructible ) bark
<	( all sofa ) bark	( some destructible ) bark
<	( all couch ) bark	( some destructible ) bark
<	( all snail ) bark	( some destructible ) bark
<	( all vertebrate ) bark	( some destructible ) bark
<	( all invertebrate ) bark	( some destructible ) bark
<	( all puppy ) bark	( some destructible ) bark
<	( all feline ) bark	( some destructible ) bark
<	( all dead ) bark	( some destructible ) bark
<	( all live ) bark	( some destructible ) bark
<	( all human ) bark	( some destructible ) bark
<	( all seat ) bark	( some destructible ) bark
<	( all bench ) bark	( some destructible ) bark
<	( all woody ) bark	( some destructible ) bark
<	( all plant ) bark	( some destructible ) bark
<	( all tree ) bark	( some destructible ) bark
<	( all oak ) bark	( some destructible ) bark
<	( all bush ) bark	( some destructible ) bark
<	( all mammal ) bark	( some destructible ) bark
<	( all hippo ) bark	( some mammal ) bark
<	( all ape ) bark	( some mammal ) bark
<	( all dog ) bark	( some mammal ) bark
<	( all cat ) bark	( some mammal ) bark
<	( all puppy ) bark	( some mammal ) bark
<	( all feline ) bark	( some mammal ) bark
<	( all human ) bark	( some mammal ) bark