#	( all hippo ) animate	( some non-ape ) bark
#	( all dog ) animate	( some non-ape ) bark
#	( all cat ) animate	( some non-ape ) bark
#	( all bird ) animate	( some non-ape ) bark
#	( all crow ) animate	( some non-ape ) bark
#	( all sofa ) animate	( some non-ape ) bark
#	( all couch ) animate	( some non-ape ) bark
#	( all snail ) animate	( some non-ape ) bark
#	( all invertebrate ) animate	( some non-ape ) bark
#	( all puppy ) animate	( some non-ape ) bark
#	( all feline ) animate	( some non-ape ) bark
#	( all immobile ) animate	( some non-ape ) bark
#	( all seat ) animate	( some non-ape ) bark
#	( all bench ) animate	( some non-ape ) bark
#	( all woody ) animate	( some non-ape ) bark
#	( all plant ) animate	( some non-ape ) bark
#	( all tree ) animate	( some non-ape ) bark
#	( all oak ) animate	( some non-ape ) bark
#	( all bush ) animate	( some non-ape ) bark
#	( all indestructible ) animate	( some non-ape ) bark
#	( all human ) animate	( some ape ) bark
#	( all hippo ) animate	( some animal ) bark
#	( all hungry ) animate	( some animal ) bark
#	( all ape ) animate	( some animal ) bark
#	( all dog ) animate	( some animal ) bark
#	( all cat ) animate	( some animal ) bark
#	( all bird ) animate	( some animal ) bark
#	( all crow ) animate	( some animal ) bark
#	( all snail ) animate	( some animal ) bark
#	( all vertebrate ) animate	( some animal ) bark
#	( all invertebrate ) animate	( some animal ) bark
#	( all puppy ) animate	( some animal ) bark
#	( all feline ) animate	( some animal ) bark
#	( all human ) animate	( some animal ) bark
#	( all mammal ) animate	( some animal ) bark
#	( all puppy ) animate	( some dog ) bark
#	( all Thai ) animate	( some Asian ) bark
#	( all crow ) animate	( some bird ) bark
#	( all hippo ) animate	( some vertebrate ) bark
#	( all ape ) animate	( some vertebrate ) bark
#	( all dog ) animate	( some vertebrate ) bark
#	( all cat ) animate	( some vertebrate ) bark
#	( all bird ) animate	( some vertebrate ) bark
#	( all crow ) animate	( some vertebrate ) bark
#	( all puppy ) animate	( some vertebrate ) bark
#	( all feline ) animate	( some vertebrate ) bark
#	( all human ) animate	( some vertebrate ) bark
#	( all mammal ) animate	( some vertebrate ) bark
#	( all snail ) animate	( some invertebrate ) bark
#	( all cat ) animate	( some feline ) bark
#	( all hippo ) animate	( some mobile ) bark
#	( all ape ) animate	( some mobile ) bark
#	( all animal ) animate	( some mobile ) bark
#	( all dog ) animate	( some mobile ) bark
#	( all cat ) animate	( some mobile ) bark
#	( all bird ) animate	( some mobile ) bark
#	( all crow ) animate	( some mobile ) bark
#	( all snail ) animate	( some mobile ) bark
#	( all vertebrate ) animate	( some mobile ) bark
#	( all puppy ) animate	( some mobile ) bark
#	( all feline ) animate	( some mobile ) bark
#	( all human ) animate	( some mobile ) bark
#	( all mammal ) animate	( some mobile ) bark
#	( all hungry ) animate	( some live ) bark
#	( all French ) animate	( some European ) bark
#	( all Parisian ) animate	( some European ) bark
#	( all Parisian ) animate	( some French ) bark
#	( all bark ) animate	( some animate ) bark
#	( all dead ) animate	( some inanimate ) bark
#	( all plant ) animate	( some inanimate ) bark
#	( all sofa ) animate	( some seat ) bark
#	( all couch ) animate	( some seat ) bark
#	( all bench ) animate	( some seat ) bark
#	( all tree ) animate	( some plant ) bark
#	( all oak ) animate	( some plant ) bark
#	( all bush ) animate	( some plant ) bark
#	( all oak ) animate	( some tree ) bark
#	( all hippo ) animate	( some destructible ) bark
#	( all ape ) animate	( some destructible ) bark
#	( all animal ) animate	( some destructible ) bark
#	( all dog ) animate	( some destructible ) bark
#	( all cat ) animate	( some destructible ) bark
#	( all bird ) animate	( some destructible ) bark
#	( all crow ) animate	( some destructible ) bark
#	( all sofa ) animate	( some destructible ) bark
#	( all couch ) animate	( some destructible ) bark
#	( all snail ) animate	( some destructible ) bark
#	( all vertebrate ) animate	( some destructible ) bark
#	( all invertebrate ) animate	( some destructible ) bark
#	( all puppy ) animate	( some destructible ) bark
#	( all feline ) animate	( some destructible ) bark
#	( all dead ) animate	( some destructible ) bark
#	( all live ) animate	( some destructible ) bark
#	( all human ) animate	( some destructible ) bark
#	( all seat ) animate	( some destructible ) bark
#	( all bench ) animate	( some destructible ) bark
#	( all woody ) animate	( some destructible ) bark
#	( all plant ) animate	( some destructible ) bark
#	( all tree ) animate	( some destructible ) bark
#	( all oak ) animate	( some destructible ) bark
#	( all bush ) animate	( some destructible ) bark
#	( all mammal ) animate	( some destructible ) bark
#	( all hippo ) animate	( some mammal ) bark
#	( all ape ) animate	( some mammal ) bark
#	( all dog ) animate	( some mammal ) bark
#	( all cat ) animate	( some mammal ) bark
#	( all puppy ) animate	( some mammal ) bark
#	( all feline ) animate	( some mammal ) bark
#	( all human ) animate	( some mammal ) bark